Cell-Description,Test-ID,Test-Series,S-FTRC-Generation,Test-Date,Cell-Format,Cell-Capacity-Ah,Cell-Nominal-Voltage-V,Cell-Energy-Wh,Trigger-Mechanism,Pre-Test-Cell-Open-Circuit-Voltage-V,Pre-Test-Cell-Mass-g,Pre-Test-Positive-Copper-Mesh-Mass-g,Pre-Test-Negative-Copper-Mesh-Mass-g,Pressure-Assisted-Seal-Configuration-Positive,Pressure-Assisted-Seal-Configuration-Negative,Cell-Failure-Mechanism,Baseline-Total-Energy-Yield-kJ,Conductive-Heat-Loss-Rate-kJs-1,Baseline-Plus-Heat-Loss-Total-Energy-Yield-kJ,Corrected-Total-Energy-Yield-kJ,Energy-Fraction-Cell-Body-kJ,Energy-Fraction-Positive-Ejecta-kJ,Energy-Fraction-Negative-Ejecta-kJ,Energy-Percent-Cell-Body-%,Energy-Percent-Positive-Ejecta-%,Energy-Percent-Negative-Ejecta-%,Theoretical-Energy-Positive-Unrecovered-Mass-kJ,Theoretical-Energy-Negative-Unrecovered-Mass-kJ,Heater-Power-W,Heater-Time-On-s,Energy-Applied-to-Trigger-kJ,Avg-Cell-Temp-At-Trigger-degC,Post-Test-Mass-Cell-Body-g,Post-Test-Mass-Positive-Ejecta-Mating-g,Post-Test-Mass-Positive-Ejecta-Bore-Baffles-g,Post-Test-Mass-Positive-Copper-Mesh-g,Post-Test-Mass-Negative-Ejecta-Mating-g,Post-Test-Mass-Negative-Ejecta-Bore-Baffles-g,Post-Test-Mass-Negative-Copper-Mesh-g,Post-Test-Mass-Unrecovered-g,Cell-Casing-Thickness-µm,Bottom-Vent-Yes-No
LG 21700-M50 (BV),ESRF18_Oct_Run041,ESRF18_Oct,V9.0,43400,21700,5.0137741046831952,3.63,18.2,Heater (Non-ISC),4.1710000000000003,68.153999999999996,50.3,51.3,21700-Brass,21700-Brass,Top and Bottom Vent,82.569120555472381,4.4999999999999998E-2,88.999055483701,92.037218159376749,9.9432230825117269,55.402643787685442,26.691351289179611,10.803480680275984,60.195913018304346,29.000606301419701,2.0667694607369751,0.9713932149387714,868.17533974992011,137.679,117.5072971150168,250.55148500000001,22.1995,10.785600000000001,10.887700000000001,1.1281000000000001,0.74029999999999996,7.5479000000000003,0.69069999999999998,14.174199999999992,-,Yes
LG 21700-M50 (BV),ESRF18_Oct_Run042,ESRF18_Oct,V9.0,43400,21700,5.0137741046831952,3.63,18.2,Heater (Non-ISC),4.1619999999999999,68.5077,50.1,50,21700-Brass,21700-Brass,Bottom Vent,86.831996527750832,3.6999999999999998E-2,94.029770846505841,98.996337481691313,10.287268931842524,1.585276125601434,87.123792424247355,10.39156517658553,1.6013482578530949,88.00708656556138,0,4.9665666351854698,510.05192227088446,202.03909999999999,102.87327727955886,209.32326,14.6203,0.37269999999999998,0.30530000000000002,0,19.628699999999998,15.8361,2.1760999999999999,15.5685,-,Yes
LG 21700-M50 (BV),ESRF18_Oct_Run043,ESRF18_Oct,V9.0,43400,21700,5.0137741046831952,3.63,18.2,Heater (Non-ISC),4.1749999999999998,68.515799999999999,48.3,44.8,21700-Aluminum,21700-Brass,Top and Bottom Vent,88.87171573189157,4.2999999999999997E-2,91.526970313065107,94.784348593468124,13.682882372930045,43.921094522899601,37.180371697638449,14.435803564590804,46.33791883856059,39.226277596848583,1.6534594303401655,1.6039188500628592,940.88246501601805,131.52369999999999,123.6641928266835,262.71578999999997,23.743500000000001,5.8985000000000003,8.8935999999999993,1.2181,0.20499999999999999,10.0136,0.84570000000000001,17.697799999999994,-,Yes
LG 21700-M50 (BV),ESRF18_Oct_Run044,ESRF18_Oct,V9.0,43400,21700,5.0137741046831952,3.63,18.2,Heater (Non-ISC),4.16,68.296899999999994,47.6,37.5,21700-Aluminum,21700-Brass,Top and Bottom Vent,77.397401235297266,4.5999999999999999E-2,82.574837228885215,85.336519386859621,11.543044706071468,46.824361199746264,26.969113481041912,13.526500481866268,54.870249614324464,31.603249903809292,1.6953871605145729,1.0662949974598315,732.68422562936212,170.05860000000001,124.61046159797894,240.66338999999999,29.339600000000001,4.0075000000000003,10.8764,0.9486,0.6885,6.9725000000000001,1.028,14.435799999999993,-,Yes
LG 21700-M50 (BV),DLS19_Feb_Run046,DLS19_Feb,V9.1,43511,21700,5.0137741046831952,3.63,18.2,Heater (Non-ISC),4.1740000000000004,68.435100000000006,45.8,47.1,21700-Brass,21700-Brass,Top and Bottom Vent,63.600937118999184,4.2999999999999997E-2,66.950313612224988,69.234196208594227,17.184877449858501,21.040827743398747,31.008491015336983,24.821372083359719,30.390802371714244,44.787825544926044,0.76624961066244923,1.5176329857067836,951.46436747288783,-,-,213.38141999999999,33.9,1.2,6.8,5.9,3.2,3.7,0,13.735100000000003,-,Yes
LG 21700-M50 (BV),DLS19_Feb_Run089,DLS19_Feb,V9.1,43512,21700,5.0137741046831952,3.63,18.2,Heater (Non-ISC),-,68.400000000000006,50.3,50.2,21700-Brass,21700-Brass,Top and Bottom Vent,72.788784306390298,4.4999999999999998E-2,76.964753378423666,79.674196746698669,21.956031898418939,23.816375807883354,33.901789040396409,27.557267967472409,29.892206988418991,42.550525044108646,1.2582965078250012,1.4511468604500015,1.5450183851334811,116.63679999999999,1.4017869331393513E-3,221.67094,34.299999999999997,2.8,3.3,0.6,1.3,6.4,2.2000000000000002,17.500000000000014,-,Yes
LG 21700-M50 (BV),DLS19_Feb_Run090,DLS19_Feb,V9.1,43512,21700,5.0137741046831952,3.63,18.2,Heater (Non-ISC),4.1710000000000003,68.421899999999994,45.7,51.5,21700-Brass,21700-Brass,Top and Bottom Vent,68.959040314727076,4.4999999999999998E-2,74.286536553745961,76.429812379628174,21.894033902725301,32.432683747603328,22.103094729299531,28.64593438222413,42.43459814674101,28.919467471034842,1.1282352600944152,1.0150405657878052,972.4077961789543,107.2577,104.37990966220181,202.17837,38,1.1399999999999999,4.34,0,1.54,8.64,1.54,13.221899999999991,-,Yes
LG 21700-M50 (BV),DLS19_Feb_Run091,DLS19_Feb,V9.1,43512,21700,5.0137741046831952,3.63,18.2,Heater (Non-ISC),4.1719999999999997,68.231499999999997,47.6,48.4,21700-Aluminum,21700-Brass,Top and Bottom Vent,76.957362229760761,4.7E-2,81.742197865921,85.390271411618457,8.7513130400611416,4.6672097576972353,71.971748613860058,10.248606656695101,5.4657394578350065,84.28565388546987,0.52609619116790984,3.1219773545295437,972.77439474860398,113.93649999999998,110.92527964407549,214.45577499999999,22.54,0.54,1.1399999999999999,1.94,3.14,19.04,0,19.891499999999994,-,Yes
LG 21700-M50 (BV),ESRF18_Oct_Run063,ESRF18_Oct,V9.0,43402,21700,5.0137741046831952,3.63,18.2,Nail,4.1639999999999997,68.371399999999994,48.2,48.2,21700-Brass,21700-Brass,Top and Bottom Vent,92.576496509812742,2.1999999999999999E-2,94.674190812479367,96.891089276345028,20.639838954003867,2.7719303878470041,73.479319934494171,21.302102296668963,2.8608723552907178,75.837025348040328,0.11507235167521798,2.1018261121904342,-,-,-,-,27.52,0.37,0,3.1799999999999997,3.81,16.23,3.9599999999999937,13.301400000000001,-,Yes
LG 21700-M50 (BV),ESRF18_Oct_Run065,ESRF18_Oct,V9.0,43402,21700,5.0137741046831952,3.63,18.2,Nail,4.1740000000000004,68.168400000000005,50,50,21700-Brass,21700-Brass,Top and Bottom Vent,98.486436017431885,2.7E-2,103.67534943556009,107.5960969974609,28.363864652540929,38.601869038436547,40.630363306483474,26.3614252227107,35.876644335293584,37.761930441995759,2.9620041162415935,0.95874344565922842,-,-,-,-,34.659999999999997,0,2.4700000000000002,0.22,0,6.96,1.05,22.808400000000013,-,Yes
LG 21700-M50 (BV),ESRF18_Oct_Run067,ESRF18_Oct,V9.0,43402,21700,5.0137741046831952,3.63,18.2,Nail,4.17,68.483400000000003,47.5,47.1,21700-Brass,21700-Brass,Top and Bottom Vent,95.36890119630057,2.7E-2,99.945171038626881,101.94899657308058,24.717739582151253,36.059904815842181,41.171352175087165,24.245201437007495,35.370534314178549,40.38426424881397,1.5597845144195583,0.44404102003413609,-,-,-,-,34.49,1.39,1.87,0.38,3.54,12.92,0.97,12.923400000000001,-,Yes
LG 21700-M50 (BV),DLS19_Feb_Run045,DLS19_Feb,V9.1,43511,21700,5.0137741046831952,3.63,18.2,Nail,4.1740000000000004,68.484399999999994,47.6,48.1,21700-Brass,21700-Brass,Top and Bottom Vent,85.508342905557171,2.5999999999999999E-2,88.956696062541738,91.189426058309252,27.029659757930204,6.2853508318210647,57.874415468557963,29.64122149496437,6.8926312002468615,63.466147304788748,0.27960785236780789,1.9531221433997152,-,-,-,-,32.5,0.4,2.1,1,2.6,9.9,3.6,16.384399999999992,-,Yes
LG 21700-M50 (BV),DLS19_Feb_Run047,DLS19_Feb,V9.1,43511,21700,5.0137741046831952,3.63,18.2,Nail,4.1890000000000001,68.418899999999994,48.1,47.5,21700-Brass,21700-Brass,Bottom Vent,86.15426862741549,2.3E-2,88.744754164015916,93.707530504455931,18.671451686107915,0.48733333999882761,74.54874547834919,19.925241424668705,0.52005781966013309,79.554700755671163,0,4.9627763404400129,-,-,-,-,26.7,0.3,0.1,0,3.2,13.9,8,16.218899999999991,-,Yes
LG 21700-M50 (BV),SPR2021_ESTA_8B100-01_SOC_RUN194,SPR2021_ESTA_8B100-01_SOC,V10.0,44300,21700,5.0137741046831952,3.63,18.2,Nail,4.1797000000000004,68.459999999999994,49.5,50.6,21700-Brass,21700-Brass,Top and Bottom Vent,101.33870615245699,2.9000000000000001E-2,103.716017607897,106.45412315932499,33.076108078450503,68.017818628834505,5.3601964520398697,31.070762781961101,63.894019893466599,5.0352173245723097,2.4384227377176,0.29968281371040001,0,0,0,23.93188,28.59,1.37,15.12,1.94,0.26,0.4,0.22,20.56,-,Yes
LG 21700-M50 (BV),SPR2021_ESTA_8B100-01_SOC_RUN195,SPR2021_ESTA_8B100-01_SOC,V10.0,44300,21700,5.0137741046831952,3.63,18.2,Nail,4.1768000000000001,68.36,48.9,48.4,21700-Brass,21700-Brass,Top Vent,100.261328237565,0.03,102.803454300057,109.369716830584,33.222911822899498,74.675311970141706,1.4714930375432,30.376700960433499,68.277868988007896,1.34543005155857,6.5662625305272,0,0,0,0,29.300635,27.96,1.06,15.85,1.31,0,0,0,22.18,-,Yes
LG 21700-M50 (BV),SPR2021_ESTA_8B100-01_SOC_RUN196,SPR2021_ESTA_8B100-01_SOC,V10.0,44300,21700,5.0137741046831952,3.63,18.2,Nail,4.1757,68.52,49.8,48.4,21700-Brass,21700-Brass,Top Vent,101.446895704406,2.8000000000000001E-2,103.98477888919599,110.490191280742,27.040881039530099,83.061145513406899,0.38816472780535399,24.473557992874198,75.175130525711893,0.351311481413833,6.5054123915466002,0,0,0,0,29.217020000000002,26.88,0.75,18.920000000000002,1.74,0,0,0,20.23,-,Yes
LG 21700-M50 (BV),SPR2021_ESTA_8B100-01_SOC_RUN197,SPR2021_ESTA_8B100-01_SOC,V10.0,44300,21700,5.0137741046831952,3.63,18.2,Nail,4.1760000000000002,68.05,46.9,48.4,21700-Brass,21700-Brass,Top Vent,104.613007564152,2.7E-2,106.54390531807,110.833034304706,21.495254581409199,89.326101652201302,1.1678071095439901E-2,19.394266985701901,80.595196380370595,1.0536633927511301E-2,4.2891289866360003,0,0,0,0,29.110620000000001,20.97,2.2599999999999998,27.31,3.73,0,0,0,13.78,-,Yes
LG 21700-M50 (BV),SPR2021_ESTA_8B100-01_SOC_RUN198,SPR2021_ESTA_8B100-01_SOC,V10.0,44300,21700,5.0137741046831952,3.63,18.2,Nail,4.1726999999999999,68.23,51,48.4,21700-Brass,21700-Brass,Top Vent,103.656124874233,2.8000000000000001E-2,105.699488604156,109.46283844374901,24.7390417936356,84.160748405735305,0.56304824437788104,22.6004022418517,76.885223882609495,0.51437387553879499,3.7633498395923999,0,0,0,0,29.151325,19.38,10.94,22.52,3.26,0,0,0,12.13,-,Yes
LG 21700-M50 (BV),SPR2021_ESTA_8B100-01_SOC_RUN199,SPR2021_ESTA_8B100-01_SOC,V10.0,44301,21700,5.0137741046831952,3.63,18.2,Nail,3.8277000000000001,68.41,54.3,48.4,21700-Brass,21700-Brass,Top Vent,81.4314869428501,2.5999999999999999E-2,84.358820862800002,86.919805007577196,24.282852772272701,62.446115045801697,0.19083718950276399,27.937076906875099,71.843367619563793,0.21955547356109301,2.5609841447771999,0,0,0,0,20.347090000000001,27.14,9.32,18.22,1.47,0,0,0,12.26,-,Yes
LG 21700-M50 (BV),SPR2021_ESTA_8B100-01_SOC_RUN200,SPR2021_ESTA_8B100-01_SOC,V10.0,44301,21700,5.0137741046831952,3.63,18.2,Nail,3.8249,68.400000000000006,48.7,48.4,21700-Brass,21700-Brass,Top Vent,75.418812773505493,2.1999999999999999E-2,79.071435119873598,81.425462061764605,27.2056276805991,54.174607923211703,4.5226457953787803E-2,33.411695791130398,66.532760823780194,5.5543385089398302E-2,2.354026941891,0,0,0,0,24.691545000000001,35.67,6.94,12.26,1.36,0,0,0,12.17,-,Yes
LG 21700-M50 (BV),SPR2021_ESTA_8B100-01_SOC_RUN201,SPR2021_ESTA_8B100-01_SOC,V10.0,44301,21700,5.0137741046831952,3.63,18.2,Nail,3.8199000000000001,68.260000000000005,51,48.4,21700-Brass,21700-Brass,Top Vent,76.094871644417694,0.02,78.852582742912602,81.418976274628605,28.705450020598999,52.535397579172802,0.178128674856844,35.256461495873701,64.524758211119405,0.218780293006891,2.5663935317159998,0,0,0,0,26.476469999999999,35.11,7.76,11.85,1.43,0,0,0,12.11,-,Yes
LG 21700-M50 (BV),SPR2021_ESTA_8B100-01_SOC_RUN202,SPR2021_ESTA_8B100-01_SOC,V10.0,44301,21700,5.0137741046831952,3.63,18.2,Nail,3.8256999999999999,68.44,50.9,48.4,21700-Brass,21700-Brass,Top Vent,71.098997430854396,2.5000000000000001E-2,75.193924399580496,77.052117330412898,39.359728439342703,36.9015893457969,0.79079954527327601,51.081955698324698,47.891726566781401,1.0263177348938901,1.8581929308323999,0,0,0,0,27.050484999999998,46.86,0.61,6.97,2.13,0,0,0,11.87,-,Yes
LG 21700-M50 (BV),SPR2021_ESTA_8B100-01_SOC_RUN203,SPR2021_ESTA_8B100-01_SOC,V10.0,44302,21700,5.0137741046831952,3.63,18.2,Nail,3.4430000000000001,68.36,51,48.4,21700-Brass,21700-Brass,No Ejection,10.9342915419639,1E-3,11.2763213303316,11.2752345919146,11.2752345919146,0,0,100,0,0,-1.0867384170000099E-3,0,0,0,0,20.12067,68.81,0,0,0,0,0,0,-0.45000000000000301,-,Yes
LG 21700-M50 (BV),SPR2021_ESTA_8B100-01_SOC_RUN204,SPR2021_ESTA_8B100-01_SOC,V10.0,44302,21700,5.0137741046831952,3.63,18.2,Nail,3.4489999999999998,68.36,51,48.4,21700-Brass,21700-Brass,No Ejection,11.0686792230542,2E-3,12.1043368607736,12.1046933845398,11.7523563686735,0.210192864872533,0.14214415099369099,97.089252865204898,1.73645757224213,1.1742895625529799,3.5652376619998998E-4,0,0,0,0,19.492840000000001,68.150000000000006,0,0,0,0,0,0,0.209999999999994,-,Yes
LG 21700-M50 (BV),SPR2021_ESTA_8B100-01_SOC_RUN205,SPR2021_ESTA_8B100-01_SOC,V10.0,44302,21700,5.0137741046831952,3.63,18.2,Nail,3.4470000000000001,68.37,51,48.4,21700-Brass,21700-Brass,No Ejection,10.8762056117396,3.0000000000000001E-3,12.268215965769,12.2685767471538,11.6804345284091,0.13031990281900299,0.457822315925631,95.206108818766793,1.0622251097645601,3.73166607146866,3.60781384800004E-4,0,0,0,0,21.748049999999999,68.2,0,0,0,0,0,0,0.17000000000000201,-,Yes
