Test-ID,Trigger-Mechanism,OCV_V,Corrected-Total-Energy-Yield-kJ,Energy-Fraction-Cell-Body-kJ,Energy-Fraction-Positive-Ejecta-kJ,Energy-Fraction-Negative-Ejecta-kJ,Energy-Percent-Cell-Body-%,Pre-Test-Cell-Mass-g,Post-Test-Mass-Cell-Body-g,Mass-Ejected-g,Cell-Failure-Mechanism
ESRF18_Oct_Run041,Heater (Non-ISC),4.171,92.03721815937675,9.943223082511727,55.40264378768544,26.69135128917961,10.803480680275984,68.154,22.1995,45.9545,Top and Bottom Vent
ESRF18_Oct_Run042,Heater (Non-ISC),4.162,98.99633748169131,10.287268931842524,1.585276125601434,87.12379242424736,10.39156517658553,68.5077,14.6203,53.8874,Bottom Vent
ESRF18_Oct_Run043,Heater (Non-ISC),4.175,94.78434859346812,13.682882372930045,43.9210945228996,37.18037169763845,14.435803564590804,68.5158,23.7435,44.7723,Top and Bottom Vent
ESRF18_Oct_Run044,Heater (Non-ISC),4.16,85.33651938685962,11.543044706071468,46.824361199746264,26.969113481041912,13.526500481866268,68.2969,29.3396,38.9573,Top and Bottom Vent
DLS19_Feb_Run046,Heater (Non-ISC),4.174,69.23419620859423,17.1848774498585,21.040827743398747,31.008491015336983,24.82137208335972,68.4351,33.9,34.5351,Top and Bottom Vent
DLS19_Feb_Run090,Heater (Non-ISC),4.171,76.42981237962817,21.8940339027253,32.43268374760333,22.10309472929953,28.64593438222413,68.4219,38.0,30.4219,Top and Bottom Vent
DLS19_Feb_Run091,Heater (Non-ISC),4.172,85.39027141161846,8.751313040061142,4.667209757697235,71.97174861386006,10.2486066566951,68.2315,22.54,45.6915,Top and Bottom Vent
ESRF18_Oct_Run063,Nail,4.164,96.89108927634503,20.639838954003867,2.771930387847004,73.47931993449417,21.302102296668963,68.3714,27.52,40.8514,Top and Bottom Vent
ESRF18_Oct_Run065,Nail,4.174,107.5960969974609,28.36386465254093,38.60186903843655,40.630363306483474,26.3614252227107,68.1684,34.66,33.5084,Top and Bottom Vent
ESRF18_Oct_Run067,Nail,4.17,101.94899657308058,24.717739582151253,36.05990481584218,41.171352175087165,24.245201437007495,68.4834,34.49,33.9934,Top and Bottom Vent
DLS19_Feb_Run045,Nail,4.174,91.18942605830925,27.029659757930204,6.285350831821065,57.87441546855796,29.64122149496437,68.4844,32.5,35.9844,Top and Bottom Vent
DLS19_Feb_Run047,Nail,4.189,93.70753050445593,18.671451686107915,0.4873333399988276,74.54874547834919,19.925241424668705,68.4189,26.7,41.7189,Bottom Vent
SPR2021_ESTA_8B100-01_SOC_RUN194,Nail,4.1797,106.454123159325,33.0761080784505,68.0178186288345,5.36019645203987,31.0707627819611,68.46,28.59,39.87,Top and Bottom Vent
SPR2021_ESTA_8B100-01_SOC_RUN195,Nail,4.1768,109.369716830584,33.2229118228995,74.6753119701417,1.4714930375432,30.3767009604335,68.36,27.96,40.4,Top Vent
SPR2021_ESTA_8B100-01_SOC_RUN196,Nail,4.1757,110.490191280742,27.0408810395301,83.0611455134069,0.388164727805354,24.4735579928742,68.52,26.88,41.64,Top Vent
SPR2021_ESTA_8B100-01_SOC_RUN197,Nail,4.176,110.833034304706,21.4952545814092,89.3261016522013,0.0116780710954399,19.3942669857019,68.05,20.97,47.08,Top Vent
SPR2021_ESTA_8B100-01_SOC_RUN198,Nail,4.1727,109.462838443749,24.7390417936356,84.1607484057353,0.563048244377881,22.6004022418517,68.23,19.38,48.85,Top Vent
