E_body_J,tau_rel_s,G_bus_WK,G_gap_WK,F_view,T1max_C,T2max_C,T_initial_low,T_initial_mean,T_initial_high,T_onset_low,T_onset_mean,T_onset_high
8751.3,10.0,0.005,0.01743,0.1599,165.5,39.3,,,,,,
8751.3,10.0,0.01,0.01743,0.1599,165.4,41.2,,,,,,
8751.3,10.0,0.02,0.01743,0.1599,165.3,44.5,,,,,,
8751.3,10.0,0.05,0.01743,0.1599,165.0,52.0,,,,,,
8751.3,10.0,0.1,0.01743,0.1599,164.4,60.0,,,,,,
8751.3,10.0,0.2,0.01743,0.1599,163.4,68.9,,,,,,
8751.3,10.0,0.5,0.01743,0.1599,160.3,79.5,,,,,,
8751.3,30.0,0.005,0.01743,0.1599,163.1,39.3,,,,,,
8751.3,30.0,0.01,0.01743,0.1599,163.0,41.2,,,,,,
8751.3,30.0,0.02,0.01743,0.1599,162.6,44.5,,,,,,
8751.3,30.0,0.05,0.01743,0.1599,161.7,52.0,,,,,,
8751.3,30.0,0.1,0.01743,0.1599,160.2,60.0,,,,,,
8751.3,30.0,0.2,0.01743,0.1599,157.3,68.9,,,,,,
8751.3,30.0,0.5,0.01743,0.1599,149.7,79.5,,,,,,
21495.3,10.0,0.005,0.01743,0.1599,368.9,58.2,,,,,,
21495.3,10.0,0.01,0.01743,0.1599,368.7,62.1,,,,,,
21495.3,10.0,0.02,0.01743,0.1599,368.5,69.2,,,,,,
21495.3,10.0,0.05,0.01743,0.1599,367.7,85.6,,,,,,
21495.3,10.0,0.1,0.01743,0.1599,366.3,103.8,,,,,,
21495.3,10.0,0.2,0.01743,0.1599,363.7,125.2,,,,,,
21495.3,10.0,0.5,0.01743,0.1599,356.2,152.4,,,,,,
21495.3,30.0,0.005,0.01743,0.1599,360.9,58.2,,,,,,
21495.3,30.0,0.01,0.01743,0.1599,360.5,62.2,,,,,,
21495.3,30.0,0.02,0.01743,0.1599,359.8,69.2,,,,,,
21495.3,30.0,0.05,0.01743,0.1599,357.5,85.7,,,,,,
21495.3,30.0,0.1,0.01743,0.1599,353.9,104.0,,,,,,
21495.3,30.0,0.2,0.01743,0.1599,347.1,125.4,,,,,,
21495.3,30.0,0.5,0.01743,0.1599,329.1,152.8,,,,,,
33222.9,10.0,0.005,0.01743,0.1599,553.8,73.9,,,,,,
33222.9,10.0,0.01,0.01743,0.1599,553.6,79.1,,,,,,
33222.9,10.0,0.02,0.01743,0.1599,553.2,88.4,,,,,,
33222.9,10.0,0.05,0.01743,0.1599,552.0,110.7,,,,,,
33222.9,10.0,0.1,0.01743,0.1599,549.9,136.5,,,,,,
33222.9,10.0,0.2,0.01743,0.1599,546.0,168.1,,,,,,
33222.9,10.0,0.5,0.01743,0.1599,534.6,211.2,57.46,69.64,87.96,,,
33222.9,30.0,0.005,0.01743,0.1599,537.0,74.0,,,,,,
33222.9,30.0,0.01,0.01743,0.1599,536.5,79.2,,,,,,
33222.9,30.0,0.02,0.01743,0.1599,535.4,88.6,,,,,,
33222.9,30.0,0.05,0.01743,0.1599,532.1,111.1,,,,,,
33222.9,30.0,0.1,0.01743,0.1599,526.8,137.1,,,,,,
33222.9,30.0,0.2,0.01743,0.1599,516.7,168.9,,,,,,
33222.9,30.0,0.5,0.01743,0.1599,490.1,212.3,67.3,79.17,96.76,,,
