E_body_J,tau_rel_s,G_bus_WK,T1max_C,T2max_lumped_C,Tmean_resolved_peak_C,Tmax_resolved_peak_C,t_Tmax_peak_s,location_at_peak,geometry_at_peak,T_initial_low_lumped_s,T_initial_low_resolved_max_s,T_initial_low_resolved_mean_s,T_initial_low_location,T_initial_low_Tmax_minus_Tmean_K,T_initial_mean_lumped_s,T_initial_mean_resolved_max_s,T_initial_mean_resolved_mean_s,T_initial_mean_location,T_initial_mean_Tmax_minus_Tmean_K,T_initial_high_lumped_s,T_initial_high_resolved_max_s,T_initial_high_resolved_mean_s,T_initial_high_location,T_initial_high_Tmax_minus_Tmean_K,T_onset_low_lumped_s,T_onset_low_resolved_max_s,T_onset_low_resolved_mean_s,T_onset_low_location,T_onset_low_Tmax_minus_Tmean_K,T_onset_mean_lumped_s,T_onset_mean_resolved_max_s,T_onset_mean_resolved_mean_s,T_onset_mean_location,T_onset_mean_Tmax_minus_Tmean_K,T_onset_high_lumped_s,T_onset_high_resolved_max_s,T_onset_high_resolved_mean_s,T_onset_high_location,T_onset_high_Tmax_minus_Tmean_K
8751.3,10.0,0.005,165.5,39.3,39.08,40.08,578.3,gap-facing surface,gap-facing surface,never,never,never,never,never,never,never,never,never,never,never,never,never,never,never,never,never,never,never,never,never,never,never,never,never,never,never,never,never,never
8751.3,10.0,0.01,165.4,41.2,40.95,42.24,565.5,terminal end,positive terminal end,never,never,never,never,never,never,never,never,never,never,never,never,never,never,never,never,never,never,never,never,never,never,never,never,never,never,never,never,never,never
8751.3,10.0,0.02,165.3,44.5,44.12,46.70,475.7,terminal end,positive terminal end,never,never,never,never,never,never,never,never,never,never,never,never,never,never,never,never,never,never,never,never,never,never,never,never,never,never,never,never,never,never
8751.3,10.0,0.05,165.0,52.0,50.78,56.59,310.3,terminal end,positive terminal end,never,never,never,never,never,never,never,never,never,never,never,never,never,never,never,never,never,never,never,never,never,never,never,never,never,never,never,never,never,never
8751.3,10.0,0.1,164.4,60.0,57.00,67.60,134.8,terminal end,positive terminal end,never,never,never,never,never,never,never,never,never,never,never,never,never,never,never,never,never,never,never,never,never,never,never,never,never,never,never,never,never,never
8751.3,10.0,0.2,163.4,68.9,62.61,86.78,29.3,terminal end,positive terminal end,never,never,never,never,never,never,never,never,never,never,never,never,never,never,never,never,never,never,never,never,never,never,never,never,never,never,never,never,never,never
8751.3,10.0,0.5,160.3,79.5,67.28,113.82,15.9,terminal end,positive terminal end,never,never,never,never,never,never,never,never,never,never,never,never,never,never,never,never,never,never,never,never,never,never,never,never,never,never,never,never,never,never
8751.3,30.0,0.005,163.1,39.3,39.09,40.08,588.5,gap-facing surface,gap-facing surface,never,never,never,never,never,never,never,never,never,never,never,never,never,never,never,never,never,never,never,never,never,never,never,never,never,never,never,never,never,never
8751.3,30.0,0.01,163.0,41.2,40.95,42.25,575.8,terminal end,positive terminal end,never,never,never,never,never,never,never,never,never,never,never,never,never,never,never,never,never,never,never,never,never,never,never,never,never,never,never,never,never,never
8751.3,30.0,0.02,162.6,44.5,44.13,46.72,486.0,terminal end,positive terminal end,never,never,never,never,never,never,never,never,never,never,never,never,never,never,never,never,never,never,never,never,never,never,never,never,never,never,never,never,never,never
8751.3,30.0,0.05,161.7,52.0,50.80,56.61,320.4,terminal end,positive terminal end,never,never,never,never,never,never,never,never,never,never,never,never,never,never,never,never,never,never,never,never,never,never,never,never,never,never,never,never,never,never
8751.3,30.0,0.1,160.2,60.0,57.02,67.63,144.9,terminal end,positive terminal end,never,never,never,never,never,never,never,never,never,never,never,never,never,never,never,never,never,never,never,never,never,never,never,never,never,never,never,never,never,never
8751.3,30.0,0.2,157.3,68.9,62.63,86.62,41.5,terminal end,positive terminal end,never,never,never,never,never,never,never,never,never,never,never,never,never,never,never,never,never,never,never,never,never,never,never,never,never,never,never,never,never,never
8751.3,30.0,0.5,149.7,79.5,67.30,111.93,30.6,terminal end,positive terminal end,never,never,never,never,never,never,never,never,never,never,never,never,never,never,never,never,never,never,never,never,never,never,never,never,never,never,never,never,never,never
21495.3,10.0,0.005,368.9,58.2,57.60,60.06,476.0,gap-facing surface,gap-facing surface,never,never,never,never,never,never,never,never,never,never,never,never,never,never,never,never,never,never,never,never,never,never,never,never,never,never,never,never,never,never
21495.3,10.0,0.01,368.7,62.1,61.49,64.39,483.1,terminal end,positive terminal end,never,never,never,never,never,never,never,never,never,never,never,never,never,never,never,never,never,never,never,never,never,never,never,never,never,never,never,never,never,never
21495.3,10.0,0.02,368.5,69.2,68.23,74.08,407.3,terminal end,positive terminal end,never,never,never,never,never,never,never,never,never,never,never,never,never,never,never,never,never,never,never,never,never,never,never,never,never,never,never,never,never,never
21495.3,10.0,0.05,367.7,85.6,82.83,96.55,258.8,terminal end,positive terminal end,never,never,never,never,never,never,never,never,never,never,never,never,never,never,never,never,never,never,never,never,never,never,never,never,never,never,never,never,never,never
21495.3,10.0,0.1,366.3,103.8,97.11,124.89,59.2,terminal end,positive terminal end,never,never,never,never,never,never,never,never,never,never,never,never,never,never,never,never,never,never,never,never,never,never,never,never,never,never,never,never,never,never
21495.3,10.0,0.2,363.7,125.2,110.78,174.21,26.6,terminal end,positive terminal end,never,15.89,never,terminal end,132.97,never,never,never,never,never,never,never,never,never,never,never,never,never,never,never,never,never,never,never,never,never,never,never,never,never
21495.3,10.0,0.5,356.2,152.4,122.92,241.43,15.4,terminal end,positive terminal end,never,6.94,never,terminal end,141.03,never,7.45,never,terminal end,154.34,never,8.02,never,terminal end,168.12,never,never,never,never,never,never,never,never,never,never,never,never,never,never,never
21495.3,30.0,0.005,360.9,58.2,57.65,60.11,486.6,gap-facing surface,gap-facing surface,never,never,never,never,never,never,never,never,never,never,never,never,never,never,never,never,never,never,never,never,never,never,never,never,never,never,never,never,never,never
21495.3,30.0,0.01,360.5,62.2,61.56,64.46,493.7,terminal end,positive terminal end,never,never,never,never,never,never,never,never,never,never,never,never,never,never,never,never,never,never,never,never,never,never,never,never,never,never,never,never,never,never
21495.3,30.0,0.02,359.8,69.2,68.32,74.18,417.6,terminal end,positive terminal end,never,never,never,never,never,never,never,never,never,never,never,never,never,never,never,never,never,never,never,never,never,never,never,never,never,never,never,never,never,never
21495.3,30.0,0.05,357.5,85.7,82.96,96.72,269.0,terminal end,positive terminal end,never,never,never,never,never,never,never,never,never,never,never,never,never,never,never,never,never,never,never,never,never,never,never,never,never,never,never,never,never,never
21495.3,30.0,0.1,353.9,104.0,97.29,125.16,70.4,terminal end,positive terminal end,never,never,never,never,never,never,never,never,never,never,never,never,never,never,never,never,never,never,never,never,never,never,never,never,never,never,never,never,never,never
21495.3,30.0,0.2,347.1,125.4,111.01,173.98,39.0,terminal end,positive terminal end,never,29.41,never,terminal end,130.20,never,never,never,never,never,never,never,never,never,never,never,never,never,never,never,never,never,never,never,never,never,never,never,never,never
21495.3,30.0,0.5,329.1,152.8,123.18,236.67,30.3,terminal end,positive terminal end,never,18.75,never,terminal end,135.65,never,20.07,never,terminal end,148.23,never,21.57,never,terminal end,160.64,never,never,never,never,never,never,never,never,never,never,never,never,never,never,never
33222.9,10.0,0.005,553.8,73.9,72.99,76.86,390.0,gap-facing surface,gap-facing surface,never,never,never,never,never,never,never,never,never,never,never,never,never,never,never,never,never,never,never,never,never,never,never,never,never,never,never,never,never,never
33222.9,10.0,0.01,553.6,79.1,78.10,82.20,415.4,terminal end,positive terminal end,never,never,never,never,never,never,never,never,never,never,never,never,never,never,never,never,never,never,never,never,never,never,never,never,never,never,never,never,never,never
33222.9,10.0,0.02,553.2,88.4,87.05,95.41,350.7,terminal end,positive terminal end,never,never,never,never,never,never,never,never,never,never,never,never,never,never,never,never,never,never,never,never,never,never,never,never,never,never,never,never,never,never
33222.9,10.0,0.05,552.0,110.7,106.96,127.19,215.0,terminal end,positive terminal end,never,never,never,never,never,never,never,never,never,never,never,never,never,never,never,never,never,never,never,never,never,never,never,never,never,never,never,never,never,never
33222.9,10.0,0.1,549.9,136.5,127.23,173.88,39.7,terminal end,positive terminal end,never,20.94,never,terminal end,127.71,never,never,never,never,never,never,never,never,never,never,never,never,never,never,never,never,never,never,never,never,never,never,never,never,never
33222.9,10.0,0.2,546.0,168.1,147.68,250.73,23.9,terminal end,positive terminal end,never,7.59,never,terminal end,139.51,never,8.17,never,terminal end,153.53,never,8.85,never,terminal end,167.25,never,never,never,never,never,never,never,never,never,never,never,never,never,never,never
33222.9,10.0,0.5,534.6,211.2,167.12,355.92,14.8,terminal end,positive terminal end,57.46,5.43,never,terminal end,143.82,69.64,5.70,never,terminal end,154.43,87.96,5.96,never,terminal end,170.03,never,7.13,never,terminal end,226.06,never,7.68,never,terminal end,245.47,never,8.33,never,terminal end,268.13
33222.9,30.0,0.005,537.0,74.0,73.12,77.01,400.8,gap-facing surface,gap-facing surface,never,never,never,never,never,never,never,never,never,never,never,never,never,never,never,never,never,never,never,never,never,never,never,never,never,never,never,never,never,never
33222.9,30.0,0.01,536.5,79.2,78.26,82.37,426.1,terminal end,positive terminal end,never,never,never,never,never,never,never,never,never,never,never,never,never,never,never,never,never,never,never,never,never,never,never,never,never,never,never,never,never,never
33222.9,30.0,0.02,535.4,88.6,87.27,95.65,361.2,terminal end,positive terminal end,never,never,never,never,never,never,never,never,never,never,never,never,never,never,never,never,never,never,never,never,never,never,never,never,never,never,never,never,never,never
33222.9,30.0,0.05,532.1,111.1,107.30,127.63,225.2,terminal end,positive terminal end,never,never,never,never,never,never,never,never,never,never,never,never,never,never,never,never,never,never,never,never,never,never,never,never,never,never,never,never,never,never
33222.9,30.0,0.1,526.8,137.1,127.71,174.62,51.2,terminal end,positive terminal end,never,32.42,never,terminal end,126.85,never,never,never,never,never,never,never,never,never,never,never,never,never,never,never,never,never,never,never,never,never,never,never,never,never
33222.9,30.0,0.2,516.7,168.9,148.31,250.79,36.5,terminal end,positive terminal end,never,19.24,never,terminal end,136.43,never,20.50,never,terminal end,149.72,never,21.89,never,terminal end,161.55,never,never,never,never,never,never,never,never,never,never,never,never,never,never,never
33222.9,30.0,0.5,490.1,212.3,167.89,348.29,30.0,terminal end,positive terminal end,67.3,14.82,never,terminal end,138.31,79.17,15.51,never,terminal end,151.94,96.76,16.21,never,terminal end,165.40,never,19.24,never,terminal end,216.69,never,20.70,never,terminal end,236.14,never,22.41,never,terminal end,256.52
