case,arrangement,E_body_J,tau_rel_s,G_bus_WK,refine,dt_s,T_initial_low_lumped_s,T_initial_low_lumped_be_s,T_initial_low_resolved_max_s,T_initial_low_resolved_mean_s,T_initial_low_location,T_initial_low_geometry,T_initial_low_r_mm,T_initial_low_theta_deg,T_initial_low_z_mm,T_initial_low_Tmax_minus_Tmean_K,T_initial_mean_lumped_s,T_initial_mean_lumped_be_s,T_initial_mean_resolved_max_s,T_initial_mean_resolved_mean_s,T_initial_mean_location,T_initial_mean_geometry,T_initial_mean_r_mm,T_initial_mean_theta_deg,T_initial_mean_z_mm,T_initial_mean_Tmax_minus_Tmean_K,T_initial_high_lumped_s,T_initial_high_lumped_be_s,T_initial_high_resolved_max_s,T_initial_high_resolved_mean_s,T_initial_high_location,T_initial_high_geometry,T_initial_high_r_mm,T_initial_high_theta_deg,T_initial_high_z_mm,T_initial_high_Tmax_minus_Tmean_K,T_onset_low_lumped_s,T_onset_low_lumped_be_s,T_onset_low_resolved_max_s,T_onset_low_resolved_mean_s,T_onset_low_location,T_onset_low_geometry,T_onset_low_r_mm,T_onset_low_theta_deg,T_onset_low_z_mm,T_onset_low_Tmax_minus_Tmean_K,T_onset_mean_lumped_s,T_onset_mean_lumped_be_s,T_onset_mean_resolved_max_s,T_onset_mean_resolved_mean_s,T_onset_mean_location,T_onset_mean_geometry,T_onset_mean_r_mm,T_onset_mean_theta_deg,T_onset_mean_z_mm,T_onset_mean_Tmax_minus_Tmean_K,T_onset_high_lumped_s,T_onset_high_lumped_be_s,T_onset_high_resolved_max_s,T_onset_high_resolved_mean_s,T_onset_high_location,T_onset_high_geometry,T_onset_high_r_mm,T_onset_high_theta_deg,T_onset_high_z_mm,T_onset_high_Tmax_minus_Tmean_K,T1max_C,T2max_lumped_C,T2max_lumped_be_C,Tmax_resolved_peak_C,t_Tmax_peak_s,location_at_peak,geometry_at_peak,r_mm_at_peak,theta_deg_at_peak,z_mm_at_peak,Tmean_resolved_peak_C,E_in_bus_J,E_in_gap_J,E_in_rad_J,E_out_conv_J,E_out_rad_J,E_in_vol_J,E_stored_J,energy_residual_rel,runtime_s
two_E8751_tau10_G0.005,two,8751.3,10.0,0.005,1.0,0.1,,,,,,,,,,,,,,,,,,,,,,,,,,,,,,,,,,,,,,,,,,,,,,,,,,,,,,,,,,,,,165.5,39.3,39.30,40.08,578.3,gap-facing surface,gap-facing surface,10.55,0.0,6.40,39.08,278.03,954.99,289.21,416.84,280.56,0.00,824.83,1.20e-11,264
two_E8751_tau10_G0.01,two,8751.3,10.0,0.01,1.0,0.1,,,,,,,,,,,,,,,,,,,,,,,,,,,,,,,,,,,,,,,,,,,,,,,,,,,,,,,,,,,,,165.4,41.2,41.19,42.24,565.5,terminal end,positive terminal end,0.00,0.0,70.10,40.95,524.14,909.52,282.30,474.84,320.70,0.00,920.42,1.09e-11,306
two_E8751_tau10_G0.02,two,8751.3,10.0,0.02,1.0,0.1,,,,,,,,,,,,,,,,,,,,,,,,,,,,,,,,,,,,,,,,,,,,,,,,,,,,,,,,,,,,,165.3,44.5,44.52,46.70,475.7,terminal end,positive terminal end,0.00,0.0,70.10,44.12,937.18,829.73,270.08,575.01,391.49,0.00,1070.48,9.40e-12,286
two_E8751_tau10_G0.05,two,8751.3,10.0,0.05,1.0,0.1,,,,,,,,,,,,,,,,,,,,,,,,,,,,,,,,,,,,,,,,,,,,,,,,,,,,,,,,,,,,,165.0,52.0,52.03,56.59,310.3,terminal end,positive terminal end,0.00,0.0,70.10,50.78,1749.98,656.17,242.79,785.34,546.10,0.00,1317.49,7.83e-12,255
two_E8751_tau10_G0.1,two,8751.3,10.0,0.1,1.0,0.1,,,,,,,,,,,,,,,,,,,,,,,,,,,,,,,,,,,,,,,,,,,,,,,,,,,,,,,,,,,,,164.4,60.0,60.02,67.60,134.8,terminal end,positive terminal end,0.00,0.0,70.10,57.00,2411.04,492.37,215.62,973.18,691.11,0.00,1454.74,7.12e-12,254
two_E8751_tau10_G0.2,two,8751.3,10.0,0.2,1.0,0.1,,,,,,,,,,,,,,,,,,,,,,,,,,,,,,,,,,,,,,,,,,,,,,,,,,,,,,,,,,,,,163.4,68.9,68.90,86.78,29.3,terminal end,positive terminal end,0.00,0.0,70.10,62.61,2936.68,346.68,189.62,1131.59,818.83,0.00,1522.57,6.88e-12,277
two_E8751_tau10_G0.5,two,8751.3,10.0,0.5,1.0,0.1,,,,,,,,,,,,,,,,,,,,,,,,,,,,,,,,,,,,,,,,,,,,,,,,,,,,,,,,,,,,,160.3,79.5,79.50,113.82,15.9,terminal end,positive terminal end,0.00,0.0,70.10,67.28,3382.56,220.35,165.46,1266.45,931.91,0.00,1570.01,6.81e-12,265
two_E8751_tau30_G0.005,two,8751.3,30.0,0.005,1.0,0.1,,,,,,,,,,,,,,,,,,,,,,,,,,,,,,,,,,,,,,,,,,,,,,,,,,,,,,,,,,,,,163.1,39.3,39.31,40.08,588.5,gap-facing surface,gap-facing surface,10.55,0.0,6.40,39.09,277.24,952.26,287.36,411.43,276.97,0.00,828.46,1.19e-11,251
two_E8751_tau30_G0.01,two,8751.3,30.0,0.01,1.0,0.1,,,,,,,,,,,,,,,,,,,,,,,,,,,,,,,,,,,,,,,,,,,,,,,,,,,,,,,,,,,,,163.0,41.2,41.20,42.25,575.8,terminal end,positive terminal end,0.00,0.0,70.10,40.95,522.82,907.23,280.50,468.84,316.71,0.00,925.00,1.08e-11,294
two_E8751_tau30_G0.02,two,8751.3,30.0,0.02,1.0,0.1,,,,,,,,,,,,,,,,,,,,,,,,,,,,,,,,,,,,,,,,,,,,,,,,,,,,,,,,,,,,,162.6,44.5,44.53,46.72,486.0,terminal end,positive terminal end,0.00,0.0,70.10,44.13,935.39,828.14,268.35,568.12,386.86,0.00,1076.89,9.38e-12,289
two_E8751_tau30_G0.05,two,8751.3,30.0,0.05,1.0,0.1,,,,,,,,,,,,,,,,,,,,,,,,,,,,,,,,,,,,,,,,,,,,,,,,,,,,,,,,,,,,,161.7,52.0,52.05,56.61,320.4,terminal end,positive terminal end,0.00,0.0,70.10,50.80,1748.82,655.73,241.16,777.02,540.43,0.00,1328.26,7.74e-12,212
two_E8751_tau30_G0.1,two,8751.3,30.0,0.1,1.0,0.1,,,,,,,,,,,,,,,,,,,,,,,,,,,,,,,,,,,,,,,,,,,,,,,,,,,,,,,,,,,,,160.2,60.0,60.04,67.63,144.9,terminal end,positive terminal end,0.00,0.0,70.10,57.02,2411.65,492.49,214.04,964.14,684.91,0.00,1469.13,7.05e-12,234
two_E8751_tau30_G0.2,two,8751.3,30.0,0.2,1.0,0.1,,,,,,,,,,,,,,,,,,,,,,,,,,,,,,,,,,,,,,,,,,,,,,,,,,,,,,,,,,,,,157.3,68.9,68.92,86.62,41.5,terminal end,positive terminal end,0.00,0.0,70.10,62.63,2938.67,346.91,188.03,1122.25,812.40,0.00,1538.96,6.83e-12,296
two_E8751_tau30_G0.5,two,8751.3,30.0,0.5,1.0,0.1,,,,,,,,,,,,,,,,,,,,,,,,,,,,,,,,,,,,,,,,,,,,,,,,,,,,,,,,,,,,,149.7,79.5,79.52,111.93,30.6,terminal end,positive terminal end,0.00,0.0,70.10,67.30,3385.60,220.55,163.88,1256.91,925.26,0.00,1587.86,6.71e-12,259
two_E21495_tau10_G0.005,two,21495.3,10.0,0.005,1.0,0.1,,,,,,,,,,,,,,,,,,,,,,,,,,,,,,,,,,,,,,,,,,,,,,,,,,,,,,,,,,,,,368.9,58.2,58.16,60.06,476.0,gap-facing surface,gap-facing surface,10.55,0.0,8.52,57.60,570.89,1953.49,1008.81,998.83,731.04,0.00,1803.31,5.71e-12,274
two_E21495_tau10_G0.01,two,21495.3,10.0,0.01,1.0,0.1,,,,,,,,,,,,,,,,,,,,,,,,,,,,,,,,,,,,,,,,,,,,,,,,,,,,,,,,,,,,,368.7,62.1,62.10,64.39,483.1,terminal end,positive terminal end,0.00,0.0,70.10,61.49,1080.21,1867.32,986.78,1118.55,828.91,0.00,1986.84,5.28e-12,276
two_E21495_tau10_G0.02,two,21495.3,10.0,0.02,1.0,0.1,,,,,,,,,,,,,,,,,,,,,,,,,,,,,,,,,,,,,,,,,,,,,,,,,,,,,,,,,,,,,368.5,69.2,69.15,74.08,407.3,terminal end,positive terminal end,0.00,0.0,70.10,68.23,1945.38,1715.69,947.36,1326.25,1005.81,0.00,2276.36,4.68e-12,291
two_E21495_tau10_G0.05,two,21495.3,10.0,0.05,1.0,0.1,,,,,,,,,,,,,,,,,,,,,,,,,,,,,,,,,,,,,,,,,,,,,,,,,,,,,,,,,,,,,367.7,85.6,85.56,96.55,258.8,terminal end,positive terminal end,0.00,0.0,70.10,82.83,3703.56,1383.13,856.86,1768.00,1412.90,0.00,2762.65,4.00e-12,261
two_E21495_tau10_G0.1,two,21495.3,10.0,0.1,1.0,0.1,,,,,,,,,,,,,,,,,,,,,,,,,,,,,,,,,,,,,,,,,,,,,,,,,,,,,,,,,,,,,366.3,103.8,103.80,124.89,59.2,terminal end,positive terminal end,0.00,0.0,70.10,97.11,5229.00,1063.45,761.64,2174.11,1826.88,0.00,3053.10,3.71e-12,227
two_E21495_tau10_G0.2,two,21495.3,10.0,0.2,1.0,0.1,,,15.89,,terminal end,positive terminal end,0.00,0.0,70.10,132.97,,,,,,,,,,,,,,,,,,,,,,,,,,,,,,,,,,,,,,,,,,,,,,,,,,,363.7,125.2,125.15,174.21,26.6,terminal end,positive terminal end,0.00,0.0,70.10,110.78,6550.09,769.99,662.31,2532.95,2228.75,0.00,3220.69,3.62e-12,235
two_E21495_tau10_G0.5,two,21495.3,10.0,0.5,1.0,0.1,,,6.94,,terminal end,positive terminal end,0.00,0.0,70.10,141.03,,,7.45,,terminal end,positive terminal end,0.00,0.0,70.10,154.34,,,8.02,,terminal end,positive terminal end,0.00,0.0,70.10,168.12,,,,,,,,,,,,,,,,,,,,,,,,,,,,,,,356.2,152.4,152.41,241.43,15.4,terminal end,positive terminal end,0.00,0.0,70.10,122.92,7766.48,503.75,557.92,2855.24,2622.88,0.00,3350.03,3.57e-12,235
two_E21495_tau30_G0.005,two,21495.3,30.0,0.005,1.0,0.1,,,,,,,,,,,,,,,,,,,,,,,,,,,,,,,,,,,,,,,,,,,,,,,,,,,,,,,,,,,,,360.9,58.2,58.21,60.11,486.6,gap-facing surface,gap-facing surface,10.55,0.0,8.52,57.65,571.00,1953.96,1002.11,987.53,723.12,0.00,1816.41,5.67e-12,279
two_E21495_tau30_G0.01,two,21495.3,30.0,0.01,1.0,0.1,,,,,,,,,,,,,,,,,,,,,,,,,,,,,,,,,,,,,,,,,,,,,,,,,,,,,,,,,,,,,360.5,62.2,62.17,64.46,493.7,terminal end,positive terminal end,0.00,0.0,70.10,61.56,1080.77,1868.38,980.07,1106.45,820.38,0.00,2002.38,5.23e-12,276
two_E21495_tau30_G0.02,two,21495.3,30.0,0.02,1.0,0.1,,,,,,,,,,,,,,,,,,,,,,,,,,,,,,,,,,,,,,,,,,,,,,,,,,,,,,,,,,,,,359.8,69.2,69.24,74.18,417.6,terminal end,positive terminal end,0.00,0.0,70.10,68.32,1947.49,1717.64,940.60,1312.98,996.36,0.00,2296.40,4.65e-12,298
two_E21495_tau30_G0.05,two,21495.3,30.0,0.05,1.0,0.1,,,,,,,,,,,,,,,,,,,,,,,,,,,,,,,,,,,,,,,,,,,,,,,,,,,,,,,,,,,,,357.5,85.7,85.70,96.72,269.0,terminal end,positive terminal end,0.00,0.0,70.10,82.96,3711.89,1386.33,849.88,1753.09,1402.31,0.00,2792.70,3.95e-12,251
two_E21495_tau30_G0.1,two,21495.3,30.0,0.1,1.0,0.1,,,,,,,,,,,,,,,,,,,,,,,,,,,,,,,,,,,,,,,,,,,,,,,,,,,,,,,,,,,,,353.9,104.0,104.01,125.16,70.4,terminal end,positive terminal end,0.00,0.0,70.10,97.29,5245.30,1066.86,754.25,2158.80,1816.37,0.00,3091.24,3.67e-12,233
two_E21495_tau30_G0.2,two,21495.3,30.0,0.2,1.0,0.1,,,29.41,,terminal end,positive terminal end,0.00,0.0,70.10,130.20,,,,,,,,,,,,,,,,,,,,,,,,,,,,,,,,,,,,,,,,,,,,,,,,,,,347.1,125.4,125.43,173.98,39.0,terminal end,positive terminal end,0.00,0.0,70.10,111.01,6573.40,772.84,654.39,2517.90,2219.03,0.00,3263.70,3.56e-12,243
two_E21495_tau30_G0.5,two,21495.3,30.0,0.5,1.0,0.1,,,18.75,,terminal end,positive terminal end,0.00,0.0,70.10,135.65,,,20.07,,terminal end,positive terminal end,0.00,0.0,70.10,148.23,,,21.57,,terminal end,positive terminal end,0.00,0.0,70.10,160.64,,,,,,,,,,,,,,,,,,,,,,,,,,,,,,,329.1,152.8,152.74,236.67,30.3,terminal end,positive terminal end,0.00,0.0,70.10,123.18,7795.11,505.72,549.65,2840.33,2613.53,0.00,3396.62,3.51e-12,292
two_E33223_tau10_G0.005,two,33222.9,10.0,0.005,1.0,0.1,,,,,,,,,,,,,,,,,,,,,,,,,,,,,,,,,,,,,,,,,,,,,,,,,,,,,,,,,,,,,553.8,73.9,73.90,76.86,390.0,gap-facing surface,gap-facing surface,10.55,0.0,8.52,72.99,737.20,2511.68,1916.93,1500.19,1176.29,0.00,2489.34,4.30e-12,285
two_E33223_tau10_G0.01,two,33222.9,10.0,0.01,1.0,0.1,,,,,,,,,,,,,,,,,,,,,,,,,,,,,,,,,,,,,,,,,,,,,,,,,,,,,,,,,,,,,553.6,79.1,79.07,82.20,415.4,terminal end,positive terminal end,0.00,0.0,70.10,78.10,1398.92,2407.62,1881.67,1655.05,1320.60,0.00,2712.56,4.04e-12,273
two_E33223_tau10_G0.02,two,33222.9,10.0,0.02,1.0,0.1,,,,,,,,,,,,,,,,,,,,,,,,,,,,,,,,,,,,,,,,,,,,,,,,,,,,,,,,,,,,,553.2,88.4,88.42,95.41,350.7,terminal end,positive terminal end,0.00,0.0,70.10,87.05,2533.63,2224.38,1817.86,1924.73,1585.14,0.00,3065.99,3.64e-12,275
two_E33223_tau10_G0.05,two,33222.9,10.0,0.05,1.0,0.1,,,,,,,,,,,,,,,,,,,,,,,,,,,,,,,,,,,,,,,,,,,,,,,,,,,,,,,,,,,,,552.0,110.7,110.74,127.19,215.0,terminal end,positive terminal end,0.00,0.0,70.10,106.96,4899.89,1821.06,1667.28,2504.67,2214.23,0.00,3669.33,3.17e-12,273
two_E33223_tau10_G0.1,two,33222.9,10.0,0.1,1.0,0.1,,,20.94,,terminal end,positive terminal end,0.00,0.0,70.10,127.71,,,,,,,,,,,,,,,,,,,,,,,,,,,,,,,,,,,,,,,,,,,,,,,,,,,549.9,136.5,136.53,173.88,39.7,terminal end,positive terminal end,0.00,0.0,70.10,127.23,7064.54,1429.30,1500.59,3051.64,2891.46,0.00,4051.33,2.97e-12,208
two_E33223_tau10_G0.2,two,33222.9,10.0,0.2,1.0,0.1,,,7.59,,terminal end,positive terminal end,0.00,0.0,70.10,139.51,,,8.17,,terminal end,positive terminal end,0.00,0.0,70.10,153.53,,,8.85,,terminal end,positive terminal end,0.00,0.0,70.10,167.25,,,,,,,,,,,,,,,,,,,,,,,,,,,,,,,546.0,168.1,168.14,250.73,23.9,terminal end,positive terminal end,0.00,0.0,70.10,147.68,9082.47,1061.77,1313.31,3556.27,3602.05,0.00,4299.23,2.90e-12,250
two_E33223_tau10_G0.5,two,33222.9,10.0,0.5,1.0,0.1,57.46,57.44,5.43,,terminal end,positive terminal end,0.00,0.0,70.10,143.82,69.64,69.63,5.70,,terminal end,positive terminal end,0.00,0.0,70.10,154.43,87.96,87.98,5.96,,terminal end,positive terminal end,0.00,0.0,70.10,170.03,,,7.13,,terminal end,positive terminal end,0.00,0.0,70.10,226.06,,,7.68,,terminal end,positive terminal end,0.00,0.0,70.10,245.47,,,8.33,,terminal end,positive terminal end,0.00,0.0,70.10,268.13,534.6,211.2,211.21,355.92,14.8,terminal end,positive terminal end,0.00,0.0,70.10,167.12,11102.73,715.85,1094.04,4035.98,4368.10,0.00,4508.55,2.85e-12,313
two_E33223_tau30_G0.005,two,33222.9,30.0,0.005,1.0,0.1,,,,,,,,,,,,,,,,,,,,,,,,,,,,,,,,,,,,,,,,,,,,,,,,,,,,,,,,,,,,,537.0,74.0,74.03,77.01,400.8,gap-facing surface,gap-facing surface,10.55,0.0,8.52,73.12,739.76,2520.68,1904.49,1485.54,1165.93,0.00,2513.46,4.25e-12,298
two_E33223_tau30_G0.01,two,33222.9,30.0,0.01,1.0,0.1,,,,,,,,,,,,,,,,,,,,,,,,,,,,,,,,,,,,,,,,,,,,,,,,,,,,,,,,,,,,,536.5,79.2,79.23,82.37,426.1,terminal end,positive terminal end,0.00,0.0,70.10,78.26,1404.23,2417.07,1868.99,1639.94,1309.98,0.00,2740.37,3.99e-12,265
two_E33223_tau30_G0.02,two,33222.9,30.0,0.02,1.0,0.1,,,,,,,,,,,,,,,,,,,,,,,,,,,,,,,,,,,,,,,,,,,,,,,,,,,,,,,,,,,,,535.4,88.6,88.64,95.65,361.2,terminal end,positive terminal end,0.00,0.0,70.10,87.27,2544.72,2234.43,1804.71,1909.06,1574.36,0.00,3100.44,3.58e-12,256
two_E33223_tau30_G0.05,two,33222.9,30.0,0.05,1.0,0.1,,,,,,,,,,,,,,,,,,,,,,,,,,,,,,,,,,,,,,,,,,,,,,,,,,,,,,,,,,,,,532.1,111.1,111.11,127.63,225.2,terminal end,positive terminal end,0.00,0.0,70.10,107.30,4927.33,1831.60,1652.81,2488.95,2204.77,0.00,3718.03,3.13e-12,267
two_E33223_tau30_G0.1,two,33222.9,30.0,0.1,1.0,0.1,,,32.42,,terminal end,positive terminal end,0.00,0.0,70.10,126.85,,,,,,,,,,,,,,,,,,,,,,,,,,,,,,,,,,,,,,,,,,,,,,,,,,,526.8,137.1,137.07,174.62,51.2,terminal end,positive terminal end,0.00,0.0,70.10,127.71,7111.26,1439.12,1484.35,3037.35,2885.74,0.00,4111.64,2.93e-12,253
two_E33223_tau30_G0.2,two,33222.9,30.0,0.2,1.0,0.1,,,19.24,,terminal end,positive terminal end,0.00,0.0,70.10,136.43,,,20.50,,terminal end,positive terminal end,0.00,0.0,70.10,149.72,,,21.89,,terminal end,positive terminal end,0.00,0.0,70.10,161.55,,,,,,,,,,,,,,,,,,,,,,,,,,,,,,,516.7,168.9,168.90,250.79,36.5,terminal end,positive terminal end,0.00,0.0,70.10,148.31,9148.75,1069.92,1294.83,3544.23,3601.87,0.00,4367.41,2.85e-12,237
two_E33223_tau30_G0.5,two,33222.9,30.0,0.5,1.0,0.1,67.3,67.27,14.82,,terminal end,positive terminal end,0.00,0.0,70.10,138.31,79.17,79.16,15.51,,terminal end,positive terminal end,0.00,0.0,70.10,151.94,96.76,96.78,16.21,,terminal end,positive terminal end,0.00,0.0,70.10,165.40,,,19.24,,terminal end,positive terminal end,0.00,0.0,70.10,216.69,,,20.70,,terminal end,positive terminal end,0.00,0.0,70.10,236.14,,,22.41,,terminal end,positive terminal end,0.00,0.0,70.10,256.52,490.1,212.3,212.24,348.29,30.0,terminal end,positive terminal end,0.00,0.0,70.10,167.89,11186.66,721.71,1073.39,4025.87,4373.07,0.00,4582.82,2.81e-12,277
